Red: Red de Vigilancia y Control de la Contaminaci�n Atmosf�rica,,,,,,,,,,,,,,,,,,,
Estaci�n: 46250050-Val�ncia - Bulevard Sud,,,,,,,,,,,,,,,,,,,

FECHA,NH3,SO2,NO,NO2,PM10,Ni,NOx,O3,As,Pb,BaP,Cd,FA,DahA,IcdP,BkFA,BjFA,BbFA,BaA
,�g/m�N,�g/m�,�g/m�,�g/m�,�g/m�,ng/m�N,�g/m�,�g/m�,ng/m�N,�g/m�,ng/m�N,ng/m�N,ng/m�N,ng/m�N,ng/m�N,ng/m�N,ng/m�N,ng/m�N,ng/m�N
01/01/2022,,,,,39,,,,,,"0,62",,"0,2","0,21","0,88","0,7","0,44","0,99","0,24"
02/01/2022,,5,,,39,"2,56",,13,"0,58","0,01",,"0,16",,,,,,,
03/01/2022,,6,,,53,,,14,,,,,,,,,,,
04/01/2022,,,,,26,"2,8",,,"0,19","0,01",,"0,04",,,,,,,
05/01/2022,2,3,4,26,26,,32,56,,,"0,04",,"0,1","0,04","0,11","0,09","0,04","0,14","0,08"
06/01/2022,2,5,6,18,20,"1,27",27,50,"0,06","0,01",,"0,1",,,,,,,
07/01/2022,2,5,4,22,22,,27,45,,,,,,,,,,,
08/01/2022,2,4,2,14,16,"1,13",18,52,"0,06","0,01",,"0,04",,,,,,,
09/01/2022,2,4,1,8,15,,10,56,,,"0,04",,"0,09","0,04","0,1","0,07","0,04","0,11","0,04"
10/01/2022,3,3,1,14,20,"2,79",16,49,"0,06","0,01",,"0,01",,,,,,,
11/01/2022,3,3,2,20,19,,24,47,,,,,,,,,,,
12/01/2022,3,5,8,27,21,"2,55",40,26,"0,28","0,01",,"0,84",,,,,,,
13/01/2022,3,5,,,25,,,32,,,"0,28",,"0,23","0,07","0,36","0,34","0,18","0,42","0,2"
14/01/2022,2,5,9,27,27,"2,13",41,30,"0,42","0,01",,"0,13",,,,,,,
15/01/2022,2,6,4,21,24,,27,37,,,,,,,,,,,
16/01/2022,2,5,2,19,24,"2,44",22,37,"0,71","0,01",,"0,13",,,,,,,
17/01/2022,2,6,13,28,45,,48,29,,,,,,,,,,,
18/01/2022,3,7,,,45,"5,31",,25,"0,47","0,01",,"0,21",,,,,,,
19/01/2022,3,6,9,31,38,,45,32,,,,,,,,,,,
20/01/2022,4,6,,,40,"4,48",,24,"0,47","0,01",,"0,2",,,,,,,
21/01/2022,4,6,,,32,,,28,,,"0,39",,"0,25","0,1","0,63","0,5","0,27","0,6","0,19"
22/01/2022,4,5,,,38,"5,72",,30,"0,47","0,01",,"0,1",,,,,,,
23/01/2022,3,4,,,26,,,39,,,,,,,,,,,
24/01/2022,3,4,,,21,"1,79",,35,"0,33","0,01",,"0,02",,,,,,,
25/01/2022,3,4,,,24,,,46,,,,,,,,,,,
26/01/2022,4,5,38,53,33,"6,8",111,31,"0,35","0,01",,"0,23",,,,,,,
27/01/2022,5,7,52,58,37,,138,19,,,,,,,,,,,
28/01/2022,4,7,35,57,39,"2,91",110,24,"0,49","0,01",,"0,51",,,,,,,
29/01/2022,4,6,25,51,41,,89,24,,,"0,34",,"0,4","0,14","0,59","0,74","0,42","1,1","0,44"
30/01/2022,4,6,26,48,43,"4,3",88,25,"0,21","0,01",,"0,22",,,,,,,
31/01/2022,4,5,24,45,43,,81,33,,,,,,,,,,,
01/02/2022,4,4,29,50,,,94,41,,,,,,,,,,,
02/02/2022,5,6,44,59,55,,127,22,,,,,,,,,,,
03/02/2022,5,5,55,60,50,"1,95",145,18,"0,18","0,01",,"0,29",,,,,,,
04/02/2022,5,6,55,57,58,,141,23,,,,,,,,,,,
05/02/2022,4,3,22,39,42,"4,17",73,24,"0,6","0,01",,"0,67",,,,,,,
06/02/2022,3,3,8,25,27,,36,38,,,"0,12",,"0,16","0,04","0,27","0,24","0,12","0,31","0,04"
07/02/2022,4,5,34,43,37,"2,92",95,30,"0,32","0,01",,"0,63",,,,,,,
08/02/2022,4,6,29,50,42,,94,28,,,,,,,,,,,
09/02/2022,4,4,20,45,32,"4,72",75,34,"1,01","0,01",,"0,39",,,,,,,
10/02/2022,3,4,17,34,28,,60,40,,,,,,,,,,,
11/02/2022,4,5,32,54,43,"4,31",102,27,"0,6","0,01",,"0,31",,,,,,,
12/02/2022,3,4,11,31,38,,48,45,,,,,,,,,,,
13/02/2022,3,3,10,29,34,"3,47",45,37,"0,32","0,01",,"0,32",,,,,,,
14/02/2022,5,3,5,31,21,,38,59,,,"0,07",,"0,08","0,04","0,09","0,08","0,04","0,12","0,04"
15/02/2022,2,4,7,43,16,"2,28",54,52,"0,14","0,01",,"0,08",,,,,,,
16/02/2022,3,3,5,36,18,,44,50,,,,,,,,,,,
17/02/2022,6,3,10,36,26,"3,67",51,43,"0,28","0,01",,"0,05",,,,,,,
18/02/2022,7,5,,,44,,,34,,,,,,,,,,,
19/02/2022,8,3,4,26,24,"2,28",32,59,"0,28","0,01",,"0,05",,,,,,,
20/02/2022,5,3,5,19,17,,27,52,,,,,,,,,,,
21/02/2022,4,4,3,19,31,"7,27",24,48,"0,42","0,01",,"0,08",,,,,,,
22/02/2022,4,5,19,39,39,,68,37,,,"0,13",,"0,2","0,04","0,26","0,28","0,16","0,42","0,11"
23/02/2022,,5,,,55,"9,49",,33,"0,83","0,01",,"0,44",,,,,,,
24/02/2022,,4,,,29,,,39,,,,,,,,,,,
25/02/2022,,3,,,26,"2,82",,32,"0,42","0,01",,"0,06",,,,,,,
26/02/2022,4,3,10,18,28,,33,42,,,,,,,,,,,
27/02/2022,2,4,7,17,39,"5,61",27,45,"0,7","0,01",,"0,21",,,,,,,
28/02/2022,9,4,22,41,33,,74,40,,,,,,,,,,,
01/03/2022,10,4,29,46,39,"3,38",90,40,"0,42","0,01",,"0,14",,,,,,,
02/03/2022,3,5,20,45,54,,74,40,,,"0,13",,"0,13","0,04","0,18","0,16","0,09","0,24","0,08"
03/03/2022,7,4,19,47,22,"2,12",75,40,"0,42","0,01",,"0,12",,,,,,,
04/03/2022,3,3,9,37,23,,51,47,,,,,,,,,,,
05/03/2022,3,3,7,31,24,"3,24",42,49,"0,14","0,02",,"0,03",,,,,,,
06/03/2022,2,3,5,21,11,,29,64,,,,,,,,,,,
07/03/2022,2,3,10,36,15,"0,46",51,45,"0,28","0,01",,"0,09",,,,,,,
08/03/2022,2,4,22,36,,,70,31,,,,,,,,,,,
09/03/2022,3,5,27,36,34,"3,17",77,33,"0,69","0,01",,"0,17",,,,,,,
10/03/2022,4,3,8,20,25,,33,59,,,"0,07",,"0,09","0,04","0,12","0,13","0,08","0,22","0,04"
11/03/2022,4,3,14,27,47,"8,86",49,45,"0,56","0,01",,"0,43",,,,,,,
12/03/2022,3,3,4,10,17,"1,08",16,59,"0,14","0,01",,"0,07",,,,,,,
13/03/2022,3,3,4,15,25,"2,47",21,51,"0,28","0,01",,"0,11",,,,,,,
14/03/2022,4,3,3,6,25,,10,78,,,"0,04",,"0,04","0,04","0,04","0,04","0,04","0,04","0,04"
15/03/2022,4,3,2,4,58,,7,83,,,,,,,,,,,
16/03/2022,6,3,3,11,34,"1,08",16,77,"0,28","0,01",,"0,14",,,,,,,
17/03/2022,5,3,3,10,25,"4,69",14,72,"0,28","0,01",,"0,13",,,,,,,
18/03/2022,5,3,3,10,34,,15,65,,,"0,04",,"0,09","0,04","0,09","0,04","0,04","0,09","0,04"
19/03/2022,5,3,2,13,59,,16,72,,,,,,,,,,,
20/03/2022,5,3,2,9,34,"1,08",12,78,"0,28","0,01",,"0,13",,,,,,,
21/03/2022,6,3,8,18,28,"2,61",30,75,"0,14","0,01",,"0,1",,,,,,,
22/03/2022,4,3,3,11,25,"1,5",15,87,"0,14","0,01",,"0,06",,,,,,,
23/03/2022,4,3,3,12,21,,17,90,,,,,,,,,,,
24/03/2022,3,3,3,15,13,"0,53",18,83,"0,28","0,01",,"0,1",,,,,,,
25/03/2022,4,3,2,13,27,"1,22",17,91,"0,56","0,01",,"0,17",,,,,,,
26/03/2022,4,3,2,8,24,,10,101,,,"0,08",,"0,12","0,04","0,09","0,04","0,04","0,08","0,04"
27/03/2022,4,3,2,17,40,"5,53",20,80,"0,56","0,01",,"0,15",,,,,,,
28/03/2022,4,3,9,26,47,,40,56,,,,,,,,,,,
29/03/2022,5,3,11,27,58,"3,68",44,52,"0,83","0,01",,"0,37",,,,,,,
30/03/2022,6,3,9,22,52,,35,55,,,,,,,,,,,
31/03/2022,5,3,5,19,17,"0,9",27,58,"0,28","0,01",,"0,05",,,,,,,
01/04/2022,3,3,3,12,14,,16,72,,,,,,,,,,,
02/04/2022,3,4,1,10,11,"0,21",11,78,"0,14","0,01",,"0,03",,,,,,,
03/04/2022,3,4,2,9,12,,11,81,,,"0,04",,"0,04","0,04","0,08","0,04","0,04","0,09","0,04"
04/04/2022,4,3,3,12,24,"2,71",16,79,"0,28","0,01",,"0,08",,,,,,,
05/04/2022,5,3,4,19,26,,25,82,,,,,,,,,,,
06/04/2022,4,3,2,15,14,"1,18",18,68,"0,14","0,01",,"0,09",,,,,,,
07/04/2022,5,3,1,10,15,,12,67,,,,,,,,,,,
08/04/2022,5,3,2,10,15,"1,04",13,58,"0,14","0,01",,"0,01",,,,,,,
09/04/2022,5,3,1,8,17,,10,63,,,,,,,,,,,
10/04/2022,5,3,2,13,26,"2,99",15,62,"0,42","0,01",,"0,1",,,,,,,
11/04/2022,5,3,10,17,36,,33,59,,,"0,04",,"0,04","0,04","0,09","0,04","0,04","0,12","0,04"
12/04/2022,6,3,7,26,35,"1,5",36,54,"0,42","0,01",,"0,14",,,,,,,
13/04/2022,6,3,8,22,19,,34,57,,,,,,,,,,,
14/04/2022,5,3,2,13,21,"1,08",15,81,"0,28","0,01",,"0,07",,,,,,,
15/04/2022,5,3,2,17,20,,19,70,,,,,,,,,,,
16/04/2022,6,3,3,22,31,"2,89",26,59,"0,42","0,01",,"0,06",,,,,,,
17/04/2022,7,3,2,15,28,,18,66,,,,,,,,,,,
18/04/2022,8,3,2,14,28,"4,83",17,74,"0,42","0,01",,"0,11",,,,,,,
19/04/2022,7,3,3,15,22,,19,82,,,"0,04",,"0,04","0,04","0,04","0,04","0,04","0,04","0,04"
20/04/2022,5,3,2,18,13,"0,6",21,58,"0,28","0,01",,"0,2",,,,,,,
21/04/2022,5,3,5,22,16,,30,62,,,,,,,,,,,
22/04/2022,5,3,3,20,22,"1,43",24,52,"0,42","0,01",,"0,03",,,,,,,
23/04/2022,4,3,1,2,9,,4,79,,,,,,,,,,,
24/04/2022,4,3,1,5,9,"1,15",7,78,"0,14","0,01",,"0,01",,,,,,,
25/04/2022,4,3,4,19,27,,25,60,,,,,,,,,,,
26/04/2022,5,3,6,27,39,"12,64",36,54,"0,4","0,01",,"0,12",,,,,,,
27/04/2022,5,3,9,42,56,,56,25,,,"0,11",,"0,11","0,08","0,3","0,27","0,13","0,38","0,04"
28/04/2022,6,3,5,27,47,"5,69",34,44,"0,68","0,01",,"0,17",,,,,,,
29/04/2022,7,3,7,24,,,34,51,,,,,,,,,,,
30/04/2022,7,3,2,25,,,28,51,,,,,,,,,,,
01/05/2022,8,3,3,17,,,22,52,,,,,,,,,,,
02/05/2022,7,6,8,24,,,36,54,,,,,,,,,,,
04/05/2022,6,4,5,23,,,30,58,,,,,,,,,,,
05/05/2022,7,6,6,23,32,,32,56,,,"0,08",,"0,08","0,04","0,13","0,16","0,08","0,21","0,04"
06/05/2022,6,5,8,27,24,"1,94",39,51,"0,4","0,01",,"0,12",,,,,,,
07/05/2022,6,5,2,17,21,,21,62,,,,,,,,,,,
08/05/2022,6,6,2,14,21,"2,78",18,74,"0,26","0,01",,"0,07",,,,,,,
09/05/2022,6,7,7,27,27,,38,67,,,,,,,,,,,
10/05/2022,6,5,7,26,30,"2,47",36,67,"0,17","0,01",,"0,07",,,,,,,
11/05/2022,6,4,7,23,28,,34,63,,,,,,,,,,,
12/05/2022,7,5,4,23,32,"4,14",30,63,"0,31","0,01",,"0,09",,,,,,,
13/05/2022,6,6,9,27,29,,41,47,,,"0,04",,"0,04","0,04","0,04","0,04","0,04","0,04","0,04"
14/05/2022,7,6,4,22,28,"3,31",29,59,"0,17","0,01",,"0,07",,,,,,,
15/05/2022,7,5,2,15,20,,17,74,,,,,,,,,,,
16/05/2022,8,6,8,29,,,42,57,,,,,,,,,,,
17/05/2022,8,5,10,29,,,44,59,,,,,,,,,,,
18/05/2022,9,5,9,22,40,"5,94",36,66,"0,31","0,01",,"0,09",,,,,,,
19/05/2022,9,5,8,19,36,,31,61,,,,,,,,,,,
20/05/2022,8,5,5,27,30,"3,31",36,56,"0,03","0,01",,"0,09",,,,,,,
21/05/2022,7,6,5,26,0,,32,54,,,0,,0,0,0,0,0,0,0
22/05/2022,8,5,2,17,25,"2,61",20,72,"0,03","0,01",,"0,06",,,,,,,
23/05/2022,9,,3,17,25,,22,67,,,,,,,,,,,
24/05/2022,6,3,2,12,,,15,77,,,,,,,,,,,
25/05/2022,5,4,3,16,,,21,59,,,,,,,,,,,
26/05/2022,5,4,6,21,,,29,56,,,,,,,,,,,
27/05/2022,6,7,8,26,30,,38,56,,,,,,,,,,,
28/05/2022,8,6,3,22,,,26,67,,,,,,,,,,,
29/05/2022,7,6,2,11,,,14,79,,,,,,,,,,,
30/05/2022,8,5,6,17,,,26,73,,,,,,,,,,,
31/05/2022,8,4,9,22,30,,36,77,,,,,,,,,,,
01/06/2022,8,6,5,19,,,26,82,,,,,,,,,,,
02/06/2022,8,5,3,15,30,,19,88,,,,,,,,,,,
03/06/2022,7,3,3,12,,,16,92,,,,,,,,,,,
04/06/2022,6,5,2,15,25,,18,77,,,,,,,,,,,
05/06/2022,8,,3,13,,,17,63,,,,,,,,,,,
06/06/2022,5,,5,18,,,26,,,,,,,,,,,,
07/06/2022,7,4,6,17,,,27,,,,,,,,,,,,
08/06/2022,7,4,4,23,42,,29,,,,,,,,,,,,
09/06/2022,7,4,3,15,,,20,,,,,,,,,,,,
10/06/2022,7,5,7,21,,,32,53,,,,,,,,,,,
11/06/2022,7,,4,20,,,26,43,,,,,,,,,,,
12/06/2022,6,,3,20,33,,24,48,,,,,,,,,,,
13/06/2022,5,4,11,28,,,45,61,,,,,,,,,,,
14/06/2022,8,6,8,22,,,33,67,,,,,,,,,,,
15/06/2022,9,5,5,22,,,30,,,,,,,,,,,,
16/06/2022,6,4,5,30,31,,37,,,,,,,,,,,,
17/06/2022,7,3,8,33,,,45,55,,,,,,,,,,,
18/06/2022,6,3,3,20,,,24,73,,,,,,,,,,,
19/06/2022,9,3,1,8,,,10,79,,,,,,,,,,,
20/06/2022,8,3,3,14,,,18,65,,,,,,,,,,,
21/06/2022,6,3,3,20,,,25,45,,,,,,,,,,,
22/06/2022,6,3,3,16,,,20,62,,,,,,,,,,,
23/06/2022,6,3,3,17,,,22,68,,,,,,,,,,,
24/06/2022,5,3,1,8,21,,10,76,,,,,,,,,,,
25/06/2022,7,3,1,11,,,13,75,,,,,,,,,,,
26/06/2022,7,3,1,6,,,8,71,,,,,,,,,,,
27/06/2022,6,3,2,11,,,14,56,,,,,,,,,,,
28/06/2022,5,3,5,13,,,21,53,,,,,,,,,,,
29/06/2022,7,3,4,15,,,21,51,,,,,,,,,,,
30/06/2022,6,3,4,14,,,20,58,,,,,,,,,,,
01/07/2022,5,3,3,11,26,"1,21",15,54,"0,28","0,01",,"0,06",,,,,,,
02/07/2022,5,3,2,11,22,,14,58,,,,,,,,,,,
03/07/2022,5,3,1,12,23,"3,01",14,64,"0,14","0,01",,"0,03",,,,,,,
04/07/2022,6,3,4,19,24,,25,51,,,,,,,,,,,
05/07/2022,6,3,2,10,24,"3,01",13,60,"0,42","0,01",,"0,06",,,,,,,
06/07/2022,6,3,3,14,30,"1,62",18,63,"0,42","0,01",,"0,06",,,,,,,
07/07/2022,6,3,2,17,24,"1,62",20,65,"0,28","0,01",,"0,06",,,,,,,
08/07/2022,6,3,4,21,30,,28,68,,,"0,04",,"0,04","0,04","0,04","0,04","0,04","0,04","0,04"
09/07/2022,6,3,1,13,26,"1,76",15,79,"0,42","0,01",,"0,06",,,,,,,
10/07/2022,6,3,2,12,22,,14,74,,,,,,,,,,,
11/07/2022,6,4,4,22,25,"1,74",29,65,"0,42","0,01",,"0,08",,,,,,,
12/07/2022,6,3,4,30,26,,36,56,,,"0,04",,"0,04","0,04","0,07","0,04","0,04","0,08","0,04"
13/07/2022,6,3,4,23,29,"1,32",29,58,"0,28","0,01",,"0,06",,,,,,,
14/07/2022,7,4,5,19,26,,26,53,,,,,,,,,,,
15/07/2022,7,3,6,31,28,"2,43",40,40,"0,28","0,01",,"0,1",,,,,,,
16/07/2022,7,3,2,22,26,,25,69,,,"0,04",,"0,04","0,04","0,04","0,04","0,04","0,07","0,04"
17/07/2022,7,3,2,15,22,"2,99",18,72,"0,28","0,01",,"0,04",,,,,,,
18/07/2022,8,3,6,27,27,,36,54,,,,,,,,,,,
19/07/2022,8,3,3,21,,,26,58,,,,,,,,,,,
20/07/2022,7,3,3,18,,,23,45,,,,,,,,,,,
21/07/2022,7,3,4,21,,,27,,,,,,,,,,,,
22/07/2022,7,3,4,19,,,25,,,,,,,,,,,,
23/07/2022,7,3,2,13,,,16,,,,,,,,,,,,
24/07/2022,7,3,1,11,,,13,,,,,,,,,,,,
25/07/2022,7,3,7,22,,,32,,,,,,,,,,,,
26/07/2022,7,3,2,11,30,,14,,,,,,,,,,,,
27/07/2022,6,3,3,12,,,16,,,,,,,,,,,,
28/07/2022,5,3,3,12,31,,16,,,,,,,,,,,,
29/07/2022,5,3,2,10,,,14,,,,,,,,,,,,
30/07/2022,5,3,1,7,24,,9,,,,,,,,,,,,
31/07/2022,5,3,1,6,,,8,,,,,,,,,,,,
01/08/2022,5,3,3,18,26,,22,76,,,"0,04",,"0,04","0,04","0,16","0,16","0,09","0,22","0,04"
02/08/2022,7,3,4,20,,,26,56,,,,,,,,,,,
03/08/2022,8,3,4,19,27,,24,55,,,,,,,,,,,
04/08/2022,7,3,3,16,,,20,61,,,,,,,,,,,
05/08/2022,6,3,4,19,,,24,,,,,,,,,,,,
06/08/2022,6,3,2,12,,,15,,,,,,,,,,,,
07/08/2022,6,3,2,9,19,,11,,,,,,,,,,,,
08/08/2022,6,3,2,14,,,18,,,,,,,,,,,,
09/08/2022,6,3,2,15,19,,18,,,,"0,04",,"0,04","0,04","0,04","0,04","0,04","0,04","0,04"
10/08/2022,5,3,2,15,,,19,,,,,,,,,,,,
11/08/2022,5,3,3,18,17,,22,,,,"0,04",,"0,04","0,04","0,04","0,04","0,04","0,04","0,04"
12/08/2022,6,3,4,21,,,27,,,,,,,,,,,,
13/08/2022,6,3,2,10,,,13,,,,,,,,,,,,
14/08/2022,6,3,3,13,,,17,,,,,,,,,,,,
15/08/2022,6,3,1,10,27,,12,,,,,,,,,,,,
16/08/2022,8,3,2,13,,,16,,,,,,,,,,,,
17/08/2022,7,3,3,18,48,,22,58,,,"0,28",,"0,08","0,08","0,3","0,27","0,14","0,35","0,21"
18/08/2022,6,3,4,16,,,21,54,,,,,,,,,,,
19/08/2022,8,3,3,17,23,,21,54,,,,,,,,,,,
20/08/2022,8,3,2,11,,,14,61,,,,,,,,,,,
21/08/2022,8,3,2,18,26,,22,54,,,,,,,,,,,
22/08/2022,8,3,4,19,,,26,56,,,,,,,,,,,
23/08/2022,8,3,4,16,19,,22,56,,,,,,,,,,,
24/08/2022,7,3,3,10,,,14,66,,,,,,,,,,,
25/08/2022,6,3,3,13,22,,17,60,,,"0,04",,"0,04","0,04","0,04","0,04","0,04","0,04","0,04"
26/08/2022,6,3,3,15,,,20,48,,,,,,,,,,,
27/08/2022,8,3,3,13,21,,18,59,,,,,,,,,,,
28/08/2022,8,3,2,10,,,13,72,,,,,,,,,,,
29/08/2022,7,3,3,15,,,19,70,,,,,,,,,,,
30/08/2022,7,3,3,17,,,21,63,,,,,,,,,,,
31/08/2022,7,3,4,11,50,,17,51,,,,,,,,,,,
01/09/2022,7,3,6,20,,,29,60,,,,,,,,,,,
02/09/2022,7,3,5,18,31,,25,50,,,"0,04",,"0,04","0,04","0,08","0,08","0,04","0,11","0,04"
03/09/2022,7,3,3,16,,,20,54,,,,,,,,,,,
04/09/2022,7,3,2,10,,,13,62,,,,,,,,,,,
05/09/2022,7,3,4,16,,,22,58,,,,,,,,,,,
06/09/2022,6,3,7,23,,,33,49,,,,,,,,,,,
07/09/2022,6,3,7,26,,,36,47,,,,,,,,,,,
08/09/2022,7,3,6,25,,,35,44,,,,,,,,,,,
09/09/2022,8,3,8,25,,,38,50,,,,,,,,,,,
10/09/2022,9,3,2,13,19,,16,59,,,"0,04",,"0,04","0,04","0,04","0,04","0,04","0,04","0,04"
11/09/2022,8,3,2,9,,,12,60,,,,,,,,,,,
12/09/2022,7,3,4,16,23,,22,52,,,,,,,,,,,
13/09/2022,7,3,8,26,,,37,29,,,,,,,,,,,
14/09/2022,10,3,8,17,,,29,33,,,,,,,,,,,
15/09/2022,8,3,8,19,,,31,42,,,,,,,,,,,
16/09/2022,9,3,8,24,,,36,42,,,,,,,,,,,
17/09/2022,8,3,3,14,,,19,44,,,,,,,,,,,
18/09/2022,7,3,3,17,18,,20,47,,,"0,04",,"0,04","0,35","0,04","0,04","0,04","0,04","0,04"
19/09/2022,8,3,5,19,,,27,43,,,,,,,,,,,
20/09/2022,7,3,6,20,,,29,43,,,,,,,,,,,
21/09/2022,7,3,5,23,,,30,43,,,,,,,,,,,
22/09/2022,7,3,9,23,22,,37,45,,,"0,04",,"0,04","0,04","0,04","0,04","0,04","0,04","0,04"
23/09/2022,8,3,7,26,,,36,43,,,,,,,,,,,
24/09/2022,8,3,3,14,20,,19,,,,,,,,,,,,
25/09/2022,6,3,2,7,,,10,,,,,,,,,,,,
26/09/2022,6,3,5,20,,,28,,,,,,,,,,,,
27/09/2022,5,3,5,18,,,26,,,,,,,,,,,,
28/09/2022,5,3,4,19,19,,25,,,,,,,,,,,,
29/09/2022,5,3,4,15,,,20,53,,,,,,,,,,,
30/09/2022,5,3,3,19,17,,24,57,,,,,,,,,,,
01/10/2022,5,3,4,19,,,25,56,,,,,,,,,,,
02/10/2022,7,3,3,18,14,,22,58,,,,,,,,,,,
03/10/2022,8,3,10,33,,,48,43,,,,,,,,,,,
04/10/2022,9,3,13,29,28,,50,44,,,"0,08",,"0,09","0,04","0,12","0,14","0,08","0,22","0,08"
05/10/2022,8,3,7,24,,,35,50,,,,,,,,,,,
06/10/2022,7,3,5,16,22,,25,59,,,,,,,,,,,
07/10/2022,7,3,6,23,,,31,54,,,,,,,,,,,
08/10/2022,7,3,5,14,23,,21,57,,,,,,,,,,,
09/10/2022,6,3,4,15,,,21,59,,,,,,,,,,,
10/10/2022,6,3,11,25,25,,42,44,,,,,,,,,,,
11/10/2022,6,3,5,22,,,29,48,,,,,,,,,,,
12/10/2022,6,3,3,14,22,,18,53,,,"0,04",,"0,04","0,04","0,08","0,04","0,04","0,08","0,04"
13/10/2022,6,3,9,25,,,38,46,,,,,,,,,,,
14/10/2022,7,3,10,28,31,,44,47,,,,,,,,,,,
15/10/2022,9,3,8,27,,,40,51,,,,,,,,,,,
16/10/2022,9,3,5,18,33,,25,54,,,,,,,,,,,
17/10/2022,9,3,9,27,,,40,47,,,,,,,,,,,
18/10/2022,8,3,10,30,49,,46,38,,,,,,,,,,,
19/10/2022,8,3,10,21,,,37,49,,,,,,,,,,,
20/10/2022,8,3,14,30,58,,52,40,,,"0,04",,"0,04","0,04","0,04","0,04","0,04","0,1","0,04"
21/10/2022,7,3,5,15,,,23,42,,,,,,,,,,,
22/10/2022,7,3,5,22,,,30,43,,,,,,,,,,,
23/10/2022,8,3,5,21,,,29,39,,,,,,,,,,,
24/10/2022,7,3,22,31,,,64,,,,,,,,,,,,
25/10/2022,9,3,14,32,,,53,,,,,,,,,,,,
26/10/2022,10,3,32,41,58,,89,13,,,,,,,,,,,
27/10/2022,12,3,19,29,,,58,29,,,,,,,,,,,
28/10/2022,10,3,10,33,41,,49,29,,,"0,04",,"0,1","0,04","0,1","0,1","0,04","0,16","0,04"
29/10/2022,9,3,6,26,,,35,33,,,,,,,,,,,
30/10/2022,8,3,4,21,33,,26,37,,,,,,,,,,,
31/10/2022,9,3,11,30,,,46,28,,,,,,,,,,,
01/11/2022,8,3,7,21,,,32,30,,,,,,,,,,,
02/11/2022,9,3,9,23,,,36,33,,,,,,,,,,,
03/11/2022,7,3,6,17,25,,26,31,,,,,,,,,,,
04/11/2022,5,3,5,16,,,23,42,,,,,,,,,,,
05/11/2022,4,3,7,22,,,32,36,,,,,,,,,,,
06/11/2022,4,3,5,24,,,31,33,,,,,,,,,,,
07/11/2022,7,3,15,34,29,,57,27,,,,,,,,,,,
08/11/2022,7,3,13,23,,,42,30,,,,,,,,,,,
09/11/2022,7,3,6,19,17,,27,30,,,,,,,,,,,
10/11/2022,7,3,10,22,,,37,32,,,,,,,,,,,
12/11/2022,8,3,3,17,,,21,44,,,,,,,,,,,
13/11/2022,6,3,8,15,,,27,29,,,,,,,,,,,
14/11/2022,5,3,11,19,,,36,24,,,,,,,,,,,
15/11/2022,6,4,3,11,10,,15,39,,,,,,,,,,,
16/11/2022,5,4,2,7,,,10,48,,,,,,,,,,,
17/11/2022,4,4,2,6,7,,9,43,,,,,,,,,,,
18/11/2022,4,4,2,14,,,17,40,,,,,,,,,,,
19/11/2022,3,5,2,11,7,,14,48,,,,,,,,,,,
20/11/2022,3,5,2,7,,,10,49,,,,,,,,,,,
21/11/2022,3,4,2,5,,,8,50,,,,,,,,,,,
22/11/2022,3,4,3,9,,,14,53,,,,,,,,,,,
23/11/2022,4,4,2,5,,,7,44,,,,,,,,,,,
24/11/2022,4,4,17,19,,,45,30,,,,,,,,,,,
25/11/2022,4,4,3,14,,,19,40,,,,,,,,,,,
26/11/2022,3,5,10,23,,,38,29,,,,,,,,,,,
27/11/2022,3,6,9,25,24,,38,20,,,,,,,,,,,
28/11/2022,4,5,6,22,,,31,31,,,,,,,,,,,
29/11/2022,4,4,3,15,,,19,42,,,,,,,,,,,
30/11/2022,5,5,22,34,,,67,19,,,,,,,,,,,
01/12/2022,6,5,5,19,22,"2,6",26,37,"0,42","0,01",,"0,1",,,,,,,
02/12/2022,5,5,5,16,19,"1,21",24,38,"0,28","0,01",,"0,04",,,,,,,
03/12/2022,5,5,6,18,20,,27,31,,,,,,,,,,,
04/12/2022,6,6,5,21,21,"1,49",29,23,"0,56","0,01",,"0,15",,,,,,,
05/12/2022,7,5,7,23,23,,33,26,,,,,,,,,,,
06/12/2022,7,5,12,21,,,38,27,,,,,,,,,,,
07/12/2022,8,5,22,29,28,,63,13,,,"0,37",,"0,16","0,04","0,44","0,35","0,2","0,51","0,18"
08/12/2022,8,4,9,25,,,39,9,,,,,,,,,,,
09/12/2022,8,4,20,24,14,,54,27,,,,,,,,,,,
10/12/2022,6,4,2,10,,,13,42,,,,,,,,,,,
11/12/2022,5,5,3,13,15,,17,37,,,,,,,,,,,
12/12/2022,6,5,24,23,,,60,18,,,,,,,,,,,
13/12/2022,8,4,10,17,13,,32,31,,,,,,,,,,,
14/12/2022,5,5,24,24,,,61,31,,,,,,,,,,,
15/12/2022,4,4,2,11,19,,15,45,,,"0,04",,"0,04","0,04","0,04","0,04","0,04","0,04","0,04"
16/12/2022,4,5,7,20,,,31,34,,,,,,,,,,,
17/12/2022,4,5,14,27,21,,48,14,,,,,,,,,,,
18/12/2022,5,5,7,17,,,28,19,,,,,,,,,,,
19/12/2022,6,5,19,26,24,,54,19,,,,,,,,,,,
20/12/2022,6,6,23,25,,,60,16,,,,,,,,,,,
21/12/2022,6,4,2,10,10,,13,46,,,,,,,,,,,
22/12/2022,5,4,5,14,,,22,37,,,,,,,,,,,
23/12/2022,5,4,4,10,,,15,38,,,,,,,,,,,
24/12/2022,5,5,11,19,,,36,25,,,,,,,,,,,
25/12/2022,4,5,5,15,11,,22,28,,,,,,,,,,,
26/12/2022,5,6,38,36,,,94,11,,,,,,,,,,,
27/12/2022,7,6,34,36,29,,88,12,,,,,,,,,,,
28/12/2022,8,6,26,30,32,,70,16,,,,,,,,,,,
29/12/2022,7,5,2,12,19,,15,37,,,,,,,,,,,
30/12/2022,6,4,2,9,,,13,44,,,,,,,,,,,
31/12/2022,4,5,13,21,,,41,28,,,,,,,,,,,
